Primer,Description,Project,Overhang Sequence,Anneal Sequence,T Anneal
ADH2_promoter_fwd,Primer to clone promoter for promoter fusions,SD2,aaccagattcgaaaagcggc,GCCTTATGATCCGTCTCTCCG,60
ADH2_promoter_rev,Primer to clone promoter for promoter fusions,SD2,tcctcgcccttgctcaccat,AAAAGTCGCTACTGGCACTC,60
BDH2_promoter_fwd,Primer to clone promoter for promoter fusions,SD2,aaccagattcgaaaagcggc,GGGTTCAGCATTACGGAAGGA,60
BDH2_promoter_rev,Primer to clone promoter for promoter fusions,SD2,tcctcgcccttgctcaccat,CAGCACATTACGACAGCCTT,60
CIS1_promoter_fwd,Primer to clone promoter for promoter fusions,SD2,aaccagattcgaaaagcggc,AGTTGCGTTACTAGCGAAGCG,60
CIS1_promoter_rev,Primer to clone promoter for promoter fusions,SD2,tcctcgcccttgctcaccat,AGCATCACAAAGAATCACGAGG,60
GPM2_promoter_fwd,Primer to clone promoter for promoter fusions,SD2,aaccagattcgaaaagcggc,GGCGCGCATATGTTTGAGTG,60
GPM2_promoter_rev,Primer to clone promoter for promoter fusions,SD2,tcctcgcccttgctcaccat,TGTCACGTTTGTTCTGGTGG,60
GSP2_promoter_fwd,Primer to clone promoter for promoter fusions,SD2,aaccagattcgaaaagcggc,GTAAGGGGCCACAGGGAAATA,60
GSP2_promoter_rev,Primer to clone promoter for promoter fusions,SD2,tcctcgcccttgctcaccat,TTGTGCTTAGCCGAACACTT,60
HSP42_promoter_fwd,Primer to clone promoter for promoter fusions,SD2,aaccagattcgaaaagcggc,GCCGGAGTAATTTGGCGGAG,60
HSP42_promoter_rev,Primer to clone promoter for promoter fusions,SD2,tcctcgcccttgctcaccat,TGCTTCGGCTTGGTATGATCT,60
PCT1_promoter_fwd,Primer to clone promoter for promoter fusions,SD2,aaccagattcgaaaagcggc,CTCTTTTGCTTCTATCTGGCTGC,60
PCT1_promoter_rev,Primer to clone promoter for promoter fusions,SD2,tcctcgcccttgctcaccat,TTCTTTGTGTCTGCTGTGCTT,60
RGI1_promoter_fwd,Primer to clone promoter for promoter fusions,SD2,aaccagattcgaaaagcggc,ACCTGTTACGAGCCAGAAACG,60
RGI1_promoter_rev,Primer to clone promoter for promoter fusions,SD2,tcctcgcccttgctcaccat,AAGTGGAGACGAAAACAGTCG,60
RPL41A_promoter_fwd,Primer to clone promoter for promoter fusions,SD2,aaccagattcgaaaagcggc,ACAGGTATTCCTGAGCGTTCG,60
RPL41A_promoter_rev,Primer to clone promoter for promoter fusions,SD2,tcctcgcccttgctcaccat,AGAAGACGAGGTCAGTTTCGTC,60
RTC3_promoter_fwd,Primer to clone promoter for promoter fusions,SD2,aaccagattcgaaaagcggc,ACCTGTTACGAGCCAGAAACG,60
RTC3_promoter_rev,Primer to clone promoter for promoter fusions,SD2,tcctcgcccttgctcaccat,AAGTGGAGACGAAAACAGTCG,60
UBI4_promoter_fwd,Primer to clone promoter for promoter fusions,SD2,aaccagattcgaaaagcggc,TGTGGGAAATCCTGCAAAAGTG,60
UBI4_promoter_rev,Primer to clone promoter for promoter fusions,SD2,tcctcgcccttgctcaccat,AAGTGGGAGGGAGAGTTCGAG,60
PER33_promoter_fwd,Primer to clone promoter for promoter fusions,SD2,aaccagattcgaaaagcggc,GGTTAAACGAGAACTGTGCCC,60
PER33_promoter_rev,Primer to clone promoter for promoter fusions,SD2,tcctcgcccttgctcaccat,TGTTTGATCGTGGCCCCTTC,60
ALO1_promoter_fwd,Primer to clone promoter for promoter fusions,SD2,aaccagattcgaaaagcggc,CCATTCTCCTTCTCTAACCTGC,60
ALO1_promoter_rev,Primer to clone promoter for promoter fusions,SD2,tcctcgcccttgctcaccat,ACTTCTACTCTTGCTTTGTCCTGG,60
SPC1_promoter_fwd,Primer to clone promoter for promoter fusions,SD2,aaccagattcgaaaagcggc,CGAGCTCTCTAAGGATAAGGGC,60
SPC1_promoter_rev,Primer to clone promoter for promoter fusions,SD2,tcctcgcccttgctcaccat,TGACGTGACGTTGATCTTGTTTG,60
FIT3_promoter_fwd,Primer to clone promoter for promoter fusions,SD2,aaccagattcgaaaagcggc,GCGAAAAGCATTCGAAATCTGG,60
FIT3_promoter_rev,Primer to clone promoter for promoter fusions,SD2,tcctcgcccttgctcaccat,AGCGAGTGGAAGTACTTGTTTG,60
MRX14_promoter_fwd,Primer to clone promoter for promoter fusions,SD2,aaccagattcgaaaagcggc,GGGAAAAACCGCTAGCAACC,60
MRX14_promoter_rev,Primer to clone promoter for promoter fusions,SD2,tcctcgcccttgctcaccat,TCCGTCCTGCGATTACTACTG,60
LYS9_promoter_fwd,Primer to clone promoter for promoter fusions,SD2,aaccagattcgaaaagcggc,AAGTGCCACGTAGGGGATTC,60
LYS9_promoter_rev,Primer to clone promoter for promoter fusions,SD2,tcctcgcccttgctcaccat,TTTACCAGGACCCTACGGTTT,60
HSP30_promoter_fwd,Primer to clone promoter for promoter fusions,SD2,aaccagattcgaaaagcggc,TCGAAAGCGTGCTTTGTAAG,60
HSP30_promoter_rev,Primer to clone promoter for promoter fusions,SD2,tcctcgcccttgctcaccat,ACTTTGGCCAATTAGGGAGAGG,60
HRI1_promoter_fwd,Primer to clone promoter for promoter fusions,SD2,aaccagattcgaaaagcggc,TTCATCAGCAAAACTTAACAGAACG,60
HRI1_promoter_rev,Primer to clone promoter for promoter fusions,SD2,tcctcgcccttgctcaccat,TCCAGTTACAACAGCGGTGA,60
BGL2_promoter_fwd,Primer to clone promoter for promoter fusions,SD2,aaccagattcgaaaagcggc,CTTATCTTCGGGAAATGGGGC,60
BGL2_promoter_rev,Primer to clone promoter for promoter fusions,SD2,tcctcgcccttgctcaccat,TTCAGGGCGAAAAACTGAAAGA,60
UBC13_promoter_fwd,Primer to clone promoter for promoter fusions,SD2,aaccagattcgaaaagcggc,ACTTGAATGCAGAACAAGAAGG,60
UBC13_promoter_rev,Primer to clone promoter for promoter fusions,SD2,tcctcgcccttgctcaccat,AGAGGTGTTTTGGTTCGTGGT,60